-- phpMyAdmin SQL Dump
-- version 5.1.3
-- https://www.phpmyadmin.net/
--
-- Host: localhost:3306
-- Generation Time: Feb 28, 2022 at 11:01 AM
-- Server version: 5.7.33
-- PHP Version: 8.1.3

SET SQL_MODE = "NO_AUTO_VALUE_ON_ZERO";
START TRANSACTION;
SET time_zone = "+00:00";


/*!40101 SET @OLD_CHARACTER_SET_CLIENT=@@CHARACTER_SET_CLIENT */;
/*!40101 SET @OLD_CHARACTER_SET_RESULTS=@@CHARACTER_SET_RESULTS */;
/*!40101 SET @OLD_COLLATION_CONNECTION=@@COLLATION_CONNECTION */;
/*!40101 SET NAMES utf8mb4 */;

--
-- Database: `penduduk`
--

-- --------------------------------------------------------

--
-- Table structure for table `tbl_agama`
--

CREATE TABLE `tbl_agama` (
  `kode` int(11) NOT NULL,
  `uraian` varchar(40) DEFAULT NULL
) ENGINE=InnoDB DEFAULT CHARSET=latin1;

--
-- Dumping data for table `tbl_agama`
--

INSERT INTO `tbl_agama` (`kode`, `uraian`) VALUES
(1, 'Islam'),
(2, 'Kristen'),
(3, 'Katolik'),
(4, 'Hindu'),
(5, 'Buddha'),
(6, 'Konghucu');

-- --------------------------------------------------------

--
-- Table structure for table `tbl_kematian`
--

CREATE TABLE `tbl_kematian` (
  `kode` int(11) NOT NULL,
  `kd_warga` int(11) DEFAULT NULL,
  `agama` varchar(100) NOT NULL,
  `usia` varchar(100) NOT NULL,
  `tgl_kematian` date DEFAULT NULL,
  `tempat` varchar(200) DEFAULT NULL,
  `penyebab_kematian` varchar(100) DEFAULT NULL
) ENGINE=InnoDB DEFAULT CHARSET=latin1;

--
-- Dumping data for table `tbl_kematian`
--

INSERT INTO `tbl_kematian` (`kode`, `kd_warga`, `agama`, `usia`, `tgl_kematian`, `tempat`, `penyebab_kematian`) VALUES
(1, 5, 'Islam', '32 Tahun', '2021-04-14', 'Rumah', 'Sakit');

-- --------------------------------------------------------

--
-- Table structure for table `tbl_lahir`
--

CREATE TABLE `tbl_lahir` (
  `kode` int(11) NOT NULL,
  `kd_warga` int(11) DEFAULT NULL,
  `tgl_lahir` date DEFAULT NULL,
  `berat_lahir` varchar(50) DEFAULT NULL,
  `panjang_lahir` varchar(50) DEFAULT NULL,
  `nama_ibu` varchar(40) DEFAULT NULL,
  `nama_ayah` varchar(40) DEFAULT NULL,
  `anak_ke` int(11) NOT NULL,
  `agama` varchar(100) NOT NULL,
  `golongan_darah` varchar(100) NOT NULL,
  `saksi` varchar(40) DEFAULT NULL
) ENGINE=InnoDB DEFAULT CHARSET=latin1;

--
-- Dumping data for table `tbl_lahir`
--

INSERT INTO `tbl_lahir` (`kode`, `kd_warga`, `tgl_lahir`, `berat_lahir`, `panjang_lahir`, `nama_ibu`, `nama_ayah`, `anak_ke`, `agama`, `golongan_darah`, `saksi`) VALUES
(1, 4, '2021-03-05', '3,2 kg', '50 cm', 'Theresia Ani', 'Theophilus Bambang', 2, 'Islam', 'A', 'Bidan Eni');

-- --------------------------------------------------------

--
-- Table structure for table `tbl_lurah`
--

CREATE TABLE `tbl_lurah` (
  `kode` int(11) NOT NULL,
  `uraian` varchar(40) DEFAULT NULL
) ENGINE=InnoDB DEFAULT CHARSET=latin1;

--
-- Dumping data for table `tbl_lurah`
--

INSERT INTO `tbl_lurah` (`kode`, `uraian`) VALUES
(1, 'Desa Rawagempol'),
(2, 'Desa Sentiong'),
(3, 'Desa Wagir'),
(4, 'Desa Lobang'),
(5, 'Desa Krasak'),
(6, 'Desa Mekar'),
(7, 'Desa Melati'),
(8, 'Desa Mawar');

-- --------------------------------------------------------

--
-- Table structure for table `tbl_pekerjaan`
--

CREATE TABLE `tbl_pekerjaan` (
  `kode` int(11) NOT NULL,
  `uraian` varchar(40) DEFAULT NULL
) ENGINE=InnoDB DEFAULT CHARSET=latin1;

--
-- Dumping data for table `tbl_pekerjaan`
--

INSERT INTO `tbl_pekerjaan` (`kode`, `uraian`) VALUES
(1, 'Wiraswasta'),
(2, 'Petani'),
(3, 'Guru'),
(4, 'Dokter'),
(5, 'Mengurus Rumah Tangga'),
(6, 'Pelajar'),
(7, 'Tidak/Belum Bekerja');

-- --------------------------------------------------------

--
-- Table structure for table `tbl_pendatang`
--

CREATE TABLE `tbl_pendatang` (
  `kode` int(11) NOT NULL,
  `kd_warga` int(11) DEFAULT NULL,
  `pekerjaan` varchar(100) NOT NULL,
  `rt_tujuan` varchar(100) NOT NULL,
  `desa_asal` varchar(100) DEFAULT NULL,
  `kecamatan_asal` varchar(100) DEFAULT NULL,
  `alamat_asal` varchar(100) DEFAULT NULL,
  `tgl_datang` date DEFAULT NULL
) ENGINE=InnoDB DEFAULT CHARSET=latin1;

--
-- Dumping data for table `tbl_pendatang`
--

INSERT INTO `tbl_pendatang` (`kode`, `kd_warga`, `pekerjaan`, `rt_tujuan`, `desa_asal`, `kecamatan_asal`, `alamat_asal`, `tgl_datang`) VALUES
(1, 2, 'Wiraswasta', '06', 'Ilir', 'Jakabaring', 'Jl. Ilir II No.10', '2021-01-04'),
(3, 7, '', '', 'Panembangan', 'Seminyak', 'Jl. I Gusti Ngurah Rai No. 01', '2021-05-02');

-- --------------------------------------------------------

--
-- Table structure for table `tbl_pendidikan`
--

CREATE TABLE `tbl_pendidikan` (
  `kode` int(11) NOT NULL,
  `uraian` varchar(40) DEFAULT NULL
) ENGINE=InnoDB DEFAULT CHARSET=latin1;

--
-- Dumping data for table `tbl_pendidikan`
--

INSERT INTO `tbl_pendidikan` (`kode`, `uraian`) VALUES
(1, 'Tidak/Belum Sekolah'),
(2, 'SD'),
(3, 'SMP'),
(4, 'SMA'),
(5, 'Diploma 3'),
(6, 'Diploma 4'),
(7, 'Strata 1'),
(8, 'Strata 2');

-- --------------------------------------------------------

--
-- Table structure for table `tbl_penduduk_tetap`
--

CREATE TABLE `tbl_penduduk_tetap` (
  `kode` int(11) NOT NULL,
  `kd_warga` int(11) NOT NULL
) ENGINE=InnoDB DEFAULT CHARSET=latin1;

--
-- Dumping data for table `tbl_penduduk_tetap`
--

INSERT INTO `tbl_penduduk_tetap` (`kode`, `kd_warga`) VALUES
(1, 1),
(2, 6);

-- --------------------------------------------------------

--
-- Table structure for table `tbl_pindah`
--

CREATE TABLE `tbl_pindah` (
  `kode` int(11) NOT NULL,
  `kd_warga` int(11) DEFAULT NULL,
  `alasan_pindah` varchar(100) DEFAULT NULL,
  `alamat_asal` varchar(100) NOT NULL,
  `desa_asal` varchar(100) NOT NULL,
  `kecamatan_asal` varchar(100) NOT NULL,
  `kota_asal` varchar(100) NOT NULL,
  `alamat_pindah` varchar(100) DEFAULT NULL,
  `kecamatan` varchar(100) DEFAULT NULL,
  `lurah` varchar(100) DEFAULT NULL,
  `tgl_pindah` date DEFAULT NULL
) ENGINE=InnoDB DEFAULT CHARSET=latin1;

--
-- Dumping data for table `tbl_pindah`
--

INSERT INTO `tbl_pindah` (`kode`, `kd_warga`, `alasan_pindah`, `alamat_asal`, `desa_asal`, `kecamatan_asal`, `kota_asal`, `alamat_pindah`, `kecamatan`, `lurah`, `tgl_pindah`) VALUES
(1, 3, 'Pindah Pekerjaan  ', 'SBG', 'Cihanjuang', 'Cimanggung', 'Sumedang', 'Bogor', 'Cipaku', 'Curug  ', '2021-05-03');

-- --------------------------------------------------------

--
-- Table structure for table `tbl_user`
--

CREATE TABLE `tbl_user` (
  `kode` int(11) NOT NULL,
  `user_name` varchar(40) DEFAULT NULL,
  `password` varchar(40) DEFAULT NULL
) ENGINE=InnoDB DEFAULT CHARSET=latin1;

--
-- Dumping data for table `tbl_user`
--

INSERT INTO `tbl_user` (`kode`, `user_name`, `password`) VALUES
(1, 'warga', '4ab7d9d3a2a915753862aa89e6ff319c'),
(2, 'admin', '21232f297a57a5a743894a0e4a801fc3');

-- --------------------------------------------------------

--
-- Table structure for table `tbl_warga`
--

CREATE TABLE `tbl_warga` (
  `kode` int(11) NOT NULL,
  `kd_lurah` int(11) NOT NULL,
  `kd_pekerjaan` int(11) NOT NULL,
  `kd_pendidikan` int(11) NOT NULL,
  `kd_agama` int(11) NOT NULL,
  `nik` varchar(16) NOT NULL,
  `nama` varchar(45) NOT NULL,
  `tgl_lahir` date NOT NULL,
  `jenis_kelamin` varchar(20) NOT NULL,
  `alamat` text NOT NULL,
  `kecamatan` varchar(30) NOT NULL,
  `kabupaten` varchar(30) NOT NULL,
  `provinsi` varchar(30) NOT NULL,
  `negara` varchar(30) NOT NULL,
  `status_kawin` varchar(20) NOT NULL,
  `tempat_lahir` varchar(100) NOT NULL,
  `jenis` varchar(20) NOT NULL,
  `tanggal` date NOT NULL
) ENGINE=InnoDB DEFAULT CHARSET=latin1;

--
-- Dumping data for table `tbl_warga`
--

INSERT INTO `tbl_warga` (`kode`, `kd_lurah`, `kd_pekerjaan`, `kd_pendidikan`, `kd_agama`, `nik`, `nama`, `tgl_lahir`, `jenis_kelamin`, `alamat`, `kecamatan`, `kabupaten`, `provinsi`, `negara`, `status_kawin`, `tempat_lahir`, `jenis`, `tanggal`) VALUES
(1, 1, 1, 4, 1, '123000001', 'Ryan Ramadhan', '2000-11-28', 'Laki-Laki', 'Jln. Cilamaya', 'Cilamaya', 'Karawang', 'Jawa Barat', 'Indonesia', 'Belum Menikah', 'Karawang', 'Tetap', '0000-00-00'),
(2, 2, 3, 7, 1, '123000002', 'Rayani Megalestari', '2001-02-08', 'Perempuan', 'Jln. Cikampek', 'Cilamaya', 'Karawang', 'Jawa Barat', 'Indonesia', 'Sudah Menikah', 'Yogyakarta', 'Pendatang', '0000-00-00'),
(3, 4, 5, 5, 1, '123000003', 'Syafrida Nabila', '2001-04-28', 'Perempuan', 'Jln. Permata Indah', 'Cilamaya', 'Karawang', 'Jawa Barat', 'Indonesia', 'Sudah Menikah', 'Karawang', 'Pindah', '0000-00-00'),
(4, 6, 7, 1, 3, '123000004', 'Theo Bernardinus', '2021-05-03', 'Laki-Laki', 'Jln. Mekar no 9', 'Cilamaya', 'Karawang', 'Jawa Barat', 'Indonesia', 'Belum Menikah', 'Karawang', 'Lahir', '0000-00-00'),
(5, 7, 2, 2, 2, '123000005', 'Yudik Vilope', '1989-01-05', 'Laki-Laki', 'Jln Melati', 'Cilamaya', 'Karawang', 'Jawa Barat', 'Indonesia', 'Sudah Menikah', 'Karawang', 'Meninggal', '0000-00-00'),
(6, 4, 4, 8, 1, '123000006', 'Resmi Jatnika', '1990-06-06', 'Perempuan', 'Jln. Lobang no 3', 'Cilamaya', 'Karawang', 'Jawa Barat', 'Indonesia', 'Sudah Menikah', 'Karawang', 'Tetap', '0000-00-00'),
(7, 3, 3, 7, 4, '123000007', 'Komang Ngurah Phartayana', '1999-05-13', 'Laki-Laki', 'Jln. Wagir', 'Cilamaya', 'Karawang', 'Jawa Barat', 'Indonesia', 'Belum Menikah', 'Karawang', 'Pendatang', '0000-00-00');

-- --------------------------------------------------------

--
-- Stand-in structure for view `v_datang`
-- (See below for the actual view)
--
CREATE TABLE `v_datang` (
`kode` int(11)
,`kd_warga` int(11)
,`pekerjaan` varchar(100)
,`rt_tujuan` varchar(100)
,`desa_asal` varchar(100)
,`kecamatan_asal` varchar(100)
,`alamat_asal` varchar(100)
,`tgl_datang` date
,`kd_lurah` int(11)
,`kd_pekerjaan` int(11)
,`kd_pendidikan` int(11)
,`kd_agama` int(11)
,`nik` varchar(16)
,`nama` varchar(45)
,`tgl_lahir` date
,`jenis_kelamin` varchar(20)
,`alamat` text
,`kecamatan` varchar(30)
,`kabupaten` varchar(30)
,`provinsi` varchar(30)
,`negara` varchar(30)
,`status_kawin` varchar(20)
,`tempat_lahir` varchar(100)
);

-- --------------------------------------------------------

--
-- Stand-in structure for view `v_kematian`
-- (See below for the actual view)
--
CREATE TABLE `v_kematian` (
`kode` int(11)
,`kd_warga` int(11)
,`agama` varchar(100)
,`usia` varchar(100)
,`tgl_kematian` date
,`tempat` varchar(200)
,`penyebab_kematian` varchar(100)
,`kd_lurah` int(11)
,`kd_pekerjaan` int(11)
,`kd_pendidikan` int(11)
,`kd_agama` int(11)
,`nik` varchar(16)
,`nama` varchar(45)
,`tgl_lahir` date
,`jenis_kelamin` varchar(20)
,`alamat` text
,`kecamatan` varchar(30)
,`kabupaten` varchar(30)
,`provinsi` varchar(30)
,`negara` varchar(30)
,`status_kawin` varchar(20)
,`tempat_lahir` varchar(100)
);

-- --------------------------------------------------------

--
-- Stand-in structure for view `v_lahir`
-- (See below for the actual view)
--
CREATE TABLE `v_lahir` (
`kode` int(11)
,`kd_warga` int(11)
,`tgl_lahir` date
,`berat_lahir` varchar(50)
,`panjang_lahir` varchar(50)
,`nama_ibu` varchar(40)
,`nama_ayah` varchar(40)
,`anak_ke` int(11)
,`agama` varchar(100)
,`golongan_darah` varchar(100)
,`saksi` varchar(40)
,`kd_lurah` int(11)
,`kd_pekerjaan` int(11)
,`kd_pendidikan` int(11)
,`kd_agama` int(11)
,`nik` varchar(16)
,`nama` varchar(45)
,`jenis_kelamin` varchar(20)
,`alamat` text
,`kecamatan` varchar(30)
,`kabupaten` varchar(30)
,`provinsi` varchar(30)
,`negara` varchar(30)
,`status_kawin` varchar(20)
,`tempat_lahir` varchar(100)
);

-- --------------------------------------------------------

--
-- Stand-in structure for view `v_penduduk`
-- (See below for the actual view)
--
CREATE TABLE `v_penduduk` (
`kode` int(11)
,`kd_lurah` int(11)
,`kd_pekerjaan` int(11)
,`kd_pendidikan` int(11)
,`kd_agama` int(11)
,`nik` varchar(16)
,`nama` varchar(45)
,`tgl_lahir` date
,`jenis_kelamin` varchar(20)
,`alamat` text
,`kecamatan` varchar(30)
,`kabupaten` varchar(30)
,`provinsi` varchar(30)
,`negara` varchar(30)
,`status_kawin` varchar(20)
,`tempat_lahir` varchar(100)
,`jenis` varchar(20)
,`agama` varchar(40)
,`pekerjaan` varchar(40)
,`lurah` varchar(40)
,`pendidikan` varchar(40)
);

-- --------------------------------------------------------

--
-- Stand-in structure for view `v_pindah`
-- (See below for the actual view)
--
CREATE TABLE `v_pindah` (
`kd_lurah` int(11)
,`kd_pekerjaan` int(11)
,`kd_pendidikan` int(11)
,`kd_agama` int(11)
,`nik` varchar(16)
,`nama` varchar(45)
,`tgl_lahir` date
,`jenis_kelamin` varchar(20)
,`alamat` text
,`kabupaten` varchar(30)
,`provinsi` varchar(30)
,`negara` varchar(30)
,`status_kawin` varchar(20)
,`tempat_lahir` varchar(100)
,`kode` int(11)
,`kd_warga` int(11)
,`alasan_pindah` varchar(100)
,`alamat_asal` varchar(100)
,`desa_asal` varchar(100)
,`kecamatan_asal` varchar(100)
,`kota_asal` varchar(100)
,`alamat_pindah` varchar(100)
,`kecamatan` varchar(100)
,`lurah` varchar(100)
,`tgl_pindah` date
,`kec_awal` varchar(30)
);

-- --------------------------------------------------------

--
-- Stand-in structure for view `v_tetap`
-- (See below for the actual view)
--
CREATE TABLE `v_tetap` (
`kd_lurah` int(11)
,`kd_pekerjaan` int(11)
,`kd_pendidikan` int(11)
,`kd_agama` int(11)
,`nik` varchar(16)
,`nama` varchar(45)
,`tgl_lahir` date
,`jenis_kelamin` varchar(20)
,`alamat` text
,`kecamatan` varchar(30)
,`kabupaten` varchar(30)
,`provinsi` varchar(30)
,`negara` varchar(30)
,`status_kawin` varchar(20)
,`tempat_lahir` varchar(100)
,`kd_warga` int(11)
,`kode` int(11)
);

-- --------------------------------------------------------

--
-- Structure for view `v_datang`
--
DROP TABLE IF EXISTS `v_datang`;

CREATE ALGORITHM=UNDEFINED DEFINER=`root`@`localhost` SQL SECURITY DEFINER VIEW `v_datang`  AS SELECT `tbl_pendatang`.`kode` AS `kode`, `tbl_pendatang`.`kd_warga` AS `kd_warga`, `tbl_pendatang`.`pekerjaan` AS `pekerjaan`, `tbl_pendatang`.`rt_tujuan` AS `rt_tujuan`, `tbl_pendatang`.`desa_asal` AS `desa_asal`, `tbl_pendatang`.`kecamatan_asal` AS `kecamatan_asal`, `tbl_pendatang`.`alamat_asal` AS `alamat_asal`, `tbl_pendatang`.`tgl_datang` AS `tgl_datang`, `tbl_warga`.`kd_lurah` AS `kd_lurah`, `tbl_warga`.`kd_pekerjaan` AS `kd_pekerjaan`, `tbl_warga`.`kd_pendidikan` AS `kd_pendidikan`, `tbl_warga`.`kd_agama` AS `kd_agama`, `tbl_warga`.`nik` AS `nik`, `tbl_warga`.`nama` AS `nama`, `tbl_warga`.`tgl_lahir` AS `tgl_lahir`, `tbl_warga`.`jenis_kelamin` AS `jenis_kelamin`, `tbl_warga`.`alamat` AS `alamat`, `tbl_warga`.`kecamatan` AS `kecamatan`, `tbl_warga`.`kabupaten` AS `kabupaten`, `tbl_warga`.`provinsi` AS `provinsi`, `tbl_warga`.`negara` AS `negara`, `tbl_warga`.`status_kawin` AS `status_kawin`, `tbl_warga`.`tempat_lahir` AS `tempat_lahir` FROM (`tbl_pendatang` join `tbl_warga` on((`tbl_warga`.`kode` = `tbl_pendatang`.`kd_warga`)))  ;

-- --------------------------------------------------------

--
-- Structure for view `v_kematian`
--
DROP TABLE IF EXISTS `v_kematian`;

CREATE ALGORITHM=UNDEFINED DEFINER=`root`@`localhost` SQL SECURITY DEFINER VIEW `v_kematian`  AS SELECT `tbl_kematian`.`kode` AS `kode`, `tbl_kematian`.`kd_warga` AS `kd_warga`, `tbl_kematian`.`agama` AS `agama`, `tbl_kematian`.`usia` AS `usia`, `tbl_kematian`.`tgl_kematian` AS `tgl_kematian`, `tbl_kematian`.`tempat` AS `tempat`, `tbl_kematian`.`penyebab_kematian` AS `penyebab_kematian`, `tbl_warga`.`kd_lurah` AS `kd_lurah`, `tbl_warga`.`kd_pekerjaan` AS `kd_pekerjaan`, `tbl_warga`.`kd_pendidikan` AS `kd_pendidikan`, `tbl_warga`.`kd_agama` AS `kd_agama`, `tbl_warga`.`nik` AS `nik`, `tbl_warga`.`nama` AS `nama`, `tbl_warga`.`tgl_lahir` AS `tgl_lahir`, `tbl_warga`.`jenis_kelamin` AS `jenis_kelamin`, `tbl_warga`.`alamat` AS `alamat`, `tbl_warga`.`kecamatan` AS `kecamatan`, `tbl_warga`.`kabupaten` AS `kabupaten`, `tbl_warga`.`provinsi` AS `provinsi`, `tbl_warga`.`negara` AS `negara`, `tbl_warga`.`status_kawin` AS `status_kawin`, `tbl_warga`.`tempat_lahir` AS `tempat_lahir` FROM (`tbl_kematian` join `tbl_warga` on((`tbl_warga`.`kode` = `tbl_kematian`.`kd_warga`)))  ;

-- --------------------------------------------------------

--
-- Structure for view `v_lahir`
--
DROP TABLE IF EXISTS `v_lahir`;

CREATE ALGORITHM=UNDEFINED DEFINER=`root`@`localhost` SQL SECURITY DEFINER VIEW `v_lahir`  AS SELECT `tbl_lahir`.`kode` AS `kode`, `tbl_lahir`.`kd_warga` AS `kd_warga`, `tbl_lahir`.`tgl_lahir` AS `tgl_lahir`, `tbl_lahir`.`berat_lahir` AS `berat_lahir`, `tbl_lahir`.`panjang_lahir` AS `panjang_lahir`, `tbl_lahir`.`nama_ibu` AS `nama_ibu`, `tbl_lahir`.`nama_ayah` AS `nama_ayah`, `tbl_lahir`.`anak_ke` AS `anak_ke`, `tbl_lahir`.`agama` AS `agama`, `tbl_lahir`.`golongan_darah` AS `golongan_darah`, `tbl_lahir`.`saksi` AS `saksi`, `tbl_warga`.`kd_lurah` AS `kd_lurah`, `tbl_warga`.`kd_pekerjaan` AS `kd_pekerjaan`, `tbl_warga`.`kd_pendidikan` AS `kd_pendidikan`, `tbl_warga`.`kd_agama` AS `kd_agama`, `tbl_warga`.`nik` AS `nik`, `tbl_warga`.`nama` AS `nama`, `tbl_warga`.`jenis_kelamin` AS `jenis_kelamin`, `tbl_warga`.`alamat` AS `alamat`, `tbl_warga`.`kecamatan` AS `kecamatan`, `tbl_warga`.`kabupaten` AS `kabupaten`, `tbl_warga`.`provinsi` AS `provinsi`, `tbl_warga`.`negara` AS `negara`, `tbl_warga`.`status_kawin` AS `status_kawin`, `tbl_warga`.`tempat_lahir` AS `tempat_lahir` FROM (`tbl_lahir` join `tbl_warga` on((`tbl_warga`.`kode` = `tbl_lahir`.`kd_warga`)))  ;

-- --------------------------------------------------------

--
-- Structure for view `v_penduduk`
--
DROP TABLE IF EXISTS `v_penduduk`;

CREATE ALGORITHM=UNDEFINED DEFINER=`root`@`localhost` SQL SECURITY DEFINER VIEW `v_penduduk`  AS SELECT `tbl_warga`.`kode` AS `kode`, `tbl_warga`.`kd_lurah` AS `kd_lurah`, `tbl_warga`.`kd_pekerjaan` AS `kd_pekerjaan`, `tbl_warga`.`kd_pendidikan` AS `kd_pendidikan`, `tbl_warga`.`kd_agama` AS `kd_agama`, `tbl_warga`.`nik` AS `nik`, `tbl_warga`.`nama` AS `nama`, `tbl_warga`.`tgl_lahir` AS `tgl_lahir`, `tbl_warga`.`jenis_kelamin` AS `jenis_kelamin`, `tbl_warga`.`alamat` AS `alamat`, `tbl_warga`.`kecamatan` AS `kecamatan`, `tbl_warga`.`kabupaten` AS `kabupaten`, `tbl_warga`.`provinsi` AS `provinsi`, `tbl_warga`.`negara` AS `negara`, `tbl_warga`.`status_kawin` AS `status_kawin`, `tbl_warga`.`tempat_lahir` AS `tempat_lahir`, `tbl_warga`.`jenis` AS `jenis`, `tbl_agama`.`uraian` AS `agama`, `tbl_pekerjaan`.`uraian` AS `pekerjaan`, `tbl_lurah`.`uraian` AS `lurah`, `tbl_pendidikan`.`uraian` AS `pendidikan` FROM ((((`tbl_warga` join `tbl_pekerjaan` on((`tbl_pekerjaan`.`kode` = `tbl_warga`.`kd_pekerjaan`))) join `tbl_agama` on((`tbl_agama`.`kode` = `tbl_warga`.`kd_agama`))) join `tbl_lurah` on((`tbl_lurah`.`kode` = `tbl_warga`.`kd_lurah`))) join `tbl_pendidikan` on((`tbl_pendidikan`.`kode` = `tbl_warga`.`kd_pendidikan`)))  ;

-- --------------------------------------------------------

--
-- Structure for view `v_pindah`
--
DROP TABLE IF EXISTS `v_pindah`;

CREATE ALGORITHM=UNDEFINED DEFINER=`root`@`localhost` SQL SECURITY DEFINER VIEW `v_pindah`  AS SELECT `tbl_warga`.`kd_lurah` AS `kd_lurah`, `tbl_warga`.`kd_pekerjaan` AS `kd_pekerjaan`, `tbl_warga`.`kd_pendidikan` AS `kd_pendidikan`, `tbl_warga`.`kd_agama` AS `kd_agama`, `tbl_warga`.`nik` AS `nik`, `tbl_warga`.`nama` AS `nama`, `tbl_warga`.`tgl_lahir` AS `tgl_lahir`, `tbl_warga`.`jenis_kelamin` AS `jenis_kelamin`, `tbl_warga`.`alamat` AS `alamat`, `tbl_warga`.`kabupaten` AS `kabupaten`, `tbl_warga`.`provinsi` AS `provinsi`, `tbl_warga`.`negara` AS `negara`, `tbl_warga`.`status_kawin` AS `status_kawin`, `tbl_warga`.`tempat_lahir` AS `tempat_lahir`, `tbl_pindah`.`kode` AS `kode`, `tbl_pindah`.`kd_warga` AS `kd_warga`, `tbl_pindah`.`alasan_pindah` AS `alasan_pindah`, `tbl_pindah`.`alamat_asal` AS `alamat_asal`, `tbl_pindah`.`desa_asal` AS `desa_asal`, `tbl_pindah`.`kecamatan_asal` AS `kecamatan_asal`, `tbl_pindah`.`kota_asal` AS `kota_asal`, `tbl_pindah`.`alamat_pindah` AS `alamat_pindah`, `tbl_pindah`.`kecamatan` AS `kecamatan`, `tbl_pindah`.`lurah` AS `lurah`, `tbl_pindah`.`tgl_pindah` AS `tgl_pindah`, `tbl_warga`.`kecamatan` AS `kec_awal` FROM (`tbl_warga` join `tbl_pindah` on((`tbl_warga`.`kode` = `tbl_pindah`.`kd_warga`)))  ;

-- --------------------------------------------------------

--
-- Structure for view `v_tetap`
--
DROP TABLE IF EXISTS `v_tetap`;

CREATE ALGORITHM=UNDEFINED DEFINER=`root`@`localhost` SQL SECURITY DEFINER VIEW `v_tetap`  AS SELECT `tbl_warga`.`kd_lurah` AS `kd_lurah`, `tbl_warga`.`kd_pekerjaan` AS `kd_pekerjaan`, `tbl_warga`.`kd_pendidikan` AS `kd_pendidikan`, `tbl_warga`.`kd_agama` AS `kd_agama`, `tbl_warga`.`nik` AS `nik`, `tbl_warga`.`nama` AS `nama`, `tbl_warga`.`tgl_lahir` AS `tgl_lahir`, `tbl_warga`.`jenis_kelamin` AS `jenis_kelamin`, `tbl_warga`.`alamat` AS `alamat`, `tbl_warga`.`kecamatan` AS `kecamatan`, `tbl_warga`.`kabupaten` AS `kabupaten`, `tbl_warga`.`provinsi` AS `provinsi`, `tbl_warga`.`negara` AS `negara`, `tbl_warga`.`status_kawin` AS `status_kawin`, `tbl_warga`.`tempat_lahir` AS `tempat_lahir`, `tbl_penduduk_tetap`.`kd_warga` AS `kd_warga`, `tbl_penduduk_tetap`.`kode` AS `kode` FROM (`tbl_warga` join `tbl_penduduk_tetap` on((`tbl_warga`.`kode` = `tbl_penduduk_tetap`.`kd_warga`)))  ;

--
-- Indexes for dumped tables
--

--
-- Indexes for table `tbl_agama`
--
ALTER TABLE `tbl_agama`
  ADD PRIMARY KEY (`kode`);

--
-- Indexes for table `tbl_kematian`
--
ALTER TABLE `tbl_kematian`
  ADD PRIMARY KEY (`kode`),
  ADD KEY `warga1` (`kd_warga`);

--
-- Indexes for table `tbl_lahir`
--
ALTER TABLE `tbl_lahir`
  ADD PRIMARY KEY (`kode`),
  ADD KEY `warga2` (`kd_warga`);

--
-- Indexes for table `tbl_lurah`
--
ALTER TABLE `tbl_lurah`
  ADD PRIMARY KEY (`kode`);

--
-- Indexes for table `tbl_pekerjaan`
--
ALTER TABLE `tbl_pekerjaan`
  ADD PRIMARY KEY (`kode`);

--
-- Indexes for table `tbl_pendatang`
--
ALTER TABLE `tbl_pendatang`
  ADD PRIMARY KEY (`kode`),
  ADD KEY `warga3` (`kd_warga`);

--
-- Indexes for table `tbl_pendidikan`
--
ALTER TABLE `tbl_pendidikan`
  ADD PRIMARY KEY (`kode`);

--
-- Indexes for table `tbl_penduduk_tetap`
--
ALTER TABLE `tbl_penduduk_tetap`
  ADD PRIMARY KEY (`kode`),
  ADD KEY `warga5` (`kd_warga`);

--
-- Indexes for table `tbl_pindah`
--
ALTER TABLE `tbl_pindah`
  ADD PRIMARY KEY (`kode`),
  ADD KEY `warga6` (`kd_warga`);

--
-- Indexes for table `tbl_user`
--
ALTER TABLE `tbl_user`
  ADD PRIMARY KEY (`kode`);

--
-- Indexes for table `tbl_warga`
--
ALTER TABLE `tbl_warga`
  ADD PRIMARY KEY (`kode`),
  ADD KEY `kode11` (`kd_lurah`),
  ADD KEY `kode12` (`kd_pekerjaan`),
  ADD KEY `kode13` (`kd_pendidikan`),
  ADD KEY `kode14` (`kd_agama`);

--
-- AUTO_INCREMENT for dumped tables
--

--
-- AUTO_INCREMENT for table `tbl_agama`
--
ALTER TABLE `tbl_agama`
  MODIFY `kode` int(11) NOT NULL AUTO_INCREMENT, AUTO_INCREMENT=7;

--
-- AUTO_INCREMENT for table `tbl_kematian`
--
ALTER TABLE `tbl_kematian`
  MODIFY `kode` int(11) NOT NULL AUTO_INCREMENT, AUTO_INCREMENT=3;

--
-- AUTO_INCREMENT for table `tbl_lahir`
--
ALTER TABLE `tbl_lahir`
  MODIFY `kode` int(11) NOT NULL AUTO_INCREMENT, AUTO_INCREMENT=3;

--
-- AUTO_INCREMENT for table `tbl_lurah`
--
ALTER TABLE `tbl_lurah`
  MODIFY `kode` int(11) NOT NULL AUTO_INCREMENT, AUTO_INCREMENT=9;

--
-- AUTO_INCREMENT for table `tbl_pekerjaan`
--
ALTER TABLE `tbl_pekerjaan`
  MODIFY `kode` int(11) NOT NULL AUTO_INCREMENT, AUTO_INCREMENT=8;

--
-- AUTO_INCREMENT for table `tbl_pendatang`
--
ALTER TABLE `tbl_pendatang`
  MODIFY `kode` int(11) NOT NULL AUTO_INCREMENT, AUTO_INCREMENT=4;

--
-- AUTO_INCREMENT for table `tbl_pendidikan`
--
ALTER TABLE `tbl_pendidikan`
  MODIFY `kode` int(11) NOT NULL AUTO_INCREMENT, AUTO_INCREMENT=9;

--
-- AUTO_INCREMENT for table `tbl_penduduk_tetap`
--
ALTER TABLE `tbl_penduduk_tetap`
  MODIFY `kode` int(11) NOT NULL AUTO_INCREMENT, AUTO_INCREMENT=4;

--
-- AUTO_INCREMENT for table `tbl_pindah`
--
ALTER TABLE `tbl_pindah`
  MODIFY `kode` int(11) NOT NULL AUTO_INCREMENT, AUTO_INCREMENT=3;

--
-- AUTO_INCREMENT for table `tbl_user`
--
ALTER TABLE `tbl_user`
  MODIFY `kode` int(11) NOT NULL AUTO_INCREMENT, AUTO_INCREMENT=5;

--
-- AUTO_INCREMENT for table `tbl_warga`
--
ALTER TABLE `tbl_warga`
  MODIFY `kode` int(11) NOT NULL AUTO_INCREMENT, AUTO_INCREMENT=12;

--
-- Constraints for dumped tables
--

--
-- Constraints for table `tbl_kematian`
--
ALTER TABLE `tbl_kematian`
  ADD CONSTRAINT `warga1` FOREIGN KEY (`kd_warga`) REFERENCES `tbl_warga` (`kode`);

--
-- Constraints for table `tbl_lahir`
--
ALTER TABLE `tbl_lahir`
  ADD CONSTRAINT `warga2` FOREIGN KEY (`kd_warga`) REFERENCES `tbl_warga` (`kode`);

--
-- Constraints for table `tbl_pendatang`
--
ALTER TABLE `tbl_pendatang`
  ADD CONSTRAINT `warga3` FOREIGN KEY (`kd_warga`) REFERENCES `tbl_warga` (`kode`);

--
-- Constraints for table `tbl_penduduk_tetap`
--
ALTER TABLE `tbl_penduduk_tetap`
  ADD CONSTRAINT `warga5` FOREIGN KEY (`kd_warga`) REFERENCES `tbl_warga` (`kode`);

--
-- Constraints for table `tbl_pindah`
--
ALTER TABLE `tbl_pindah`
  ADD CONSTRAINT `warga6` FOREIGN KEY (`kd_warga`) REFERENCES `tbl_warga` (`kode`);

--
-- Constraints for table `tbl_warga`
--
ALTER TABLE `tbl_warga`
  ADD CONSTRAINT `kode11` FOREIGN KEY (`kd_lurah`) REFERENCES `tbl_lurah` (`kode`),
  ADD CONSTRAINT `kode12` FOREIGN KEY (`kd_pekerjaan`) REFERENCES `tbl_pekerjaan` (`kode`),
  ADD CONSTRAINT `kode13` FOREIGN KEY (`kd_pendidikan`) REFERENCES `tbl_pendidikan` (`kode`),
  ADD CONSTRAINT `kode14` FOREIGN KEY (`kd_agama`) REFERENCES `tbl_agama` (`kode`);
COMMIT;

/*!40101 SET CHARACTER_SET_CLIENT=@OLD_CHARACTER_SET_CLIENT */;
/*!40101 SET CHARACTER_SET_RESULTS=@OLD_CHARACTER_SET_RESULTS */;
/*!40101 SET COLLATION_CONNECTION=@OLD_COLLATION_CONNECTION */;
